city,City_wise_AvgOrder
Surat,2140.157518
Ahmedabad,2315.808800
Jaipur,2312.445673
Delhi,2043.137987
Hyderabad,2331.088402
Pune,2283.717090
Mumbai,1842.526724
Bangalore,2275.265165
Chennai,2065.736714
Kolkata,2505.370723
